"feature","weight"
"(Intercept)",0.739732250898958
"bikes_3h_ago",0.882349856070867
"full_profile_bikes",0.0613316426059354
"full_profile_3h_diff_bikes",0.489919347687104
