"feature","weight"
"(Intercept)",0.683397999155808
"bikes_3h_ago",0.868737959254912
"short_profile_bikes",0.0590389409740311
"short_profile_3h_diff_bikes",0.356161679557294
"full_profile_bikes",-0.0224919232070159
"full_profile_3h_diff_bikes",0.235770608169189
"temperature.C",0.00568231801607248
