"feature","weight"
"(Intercept)",7.31173800146256e-07
"bikes_3h_ago",0.999997973610354
"short_profile_bikes",8.29704462012879e-07
"short_profile_3h_diff_bikes",7.26333407586698e-06
"temperature.C",1.29178474210522e-08
