"feature","weight"
"(Intercept)",-0.0258500202652198
"bikes_3h_ago",0.959595115228094
"full_profile_bikes",0.0195218976274408
"full_profile_3h_diff_bikes",0.571646421389094
"temperature.C",0.00726144859334623
