"feature","weight"
"(Intercept)",0.474165074961078
"bikes_3h_ago",0.722574798701311
"short_profile_bikes",0.0876260528018733
"short_profile_3h_diff_bikes",0.183965177868232
"full_profile_bikes",0.0808518191865742
"full_profile_3h_diff_bikes",0.379289371758296
"temperature.C",0.00196522715983797
