"feature","weight"
"(Intercept)",0.107098871950167
"bikes_3h_ago",0.704364305878274
"full_profile_bikes",0.277764836895038
"full_profile_3h_diff_bikes",0.587067682296678
