"feature","weight"
"(Intercept)",0.196335505774739
"bikes_3h_ago",0.774155937345228
"short_profile_bikes",0.081966231988626
"short_profile_3h_diff_bikes",0.19915213957794
"full_profile_bikes",0.100336438336349
"full_profile_3h_diff_bikes",0.421509966067632
"temperature.C",0.00167169114756539
