"feature","weight"
"(Intercept)",0.644686509757716
"bikes_3h_ago",0.687744238592186
"full_profile_bikes",0.346015992539028
"full_profile_3h_diff_bikes",0.440141387112104
"temperature.C",-0.0457075369429594
