"feature","weight"
"(Intercept)",1.29126222631053
"bikes_3h_ago",0.796037299703549
"short_profile_bikes",0.0588337727329944
"short_profile_3h_diff_bikes",0.52819693787489
"temperature.C",0.000378245390468856
