"feature","weight"
"(Intercept)",0.160055320617218
"bikes_3h_ago",0.812059687416288
"full_profile_bikes",0.124051314546595
"full_profile_3h_diff_bikes",0.619024897417004
