"feature","weight"
"(Intercept)",0.0478302033720934
"bikes_3h_ago",0.902199281840447
"full_profile_bikes",0.0874166655114966
"full_profile_3h_diff_bikes",0.603789287274666
