"feature","weight"
"(Intercept)",0.437682656431909
"bikes_3h_ago",0.708520139615004
"full_profile_bikes",0.257367447660692
"full_profile_3h_diff_bikes",0.706504529992934
