"feature","weight"
"(Intercept)",0.530093121629143
"bikes_3h_ago",0.573012115384576
"short_profile_bikes",0.16030691545183
"short_profile_3h_diff_bikes",0.341584741109943
"full_profile_bikes",0.300214278067257
"full_profile_3h_diff_bikes",0.205817639551733
"temperature.C",-0.0406177828968828
