"feature","weight"
"(Intercept)",1.15157504977712
"bikes_3h_ago",0.856260109212063
"short_profile_bikes",0.0408788311215221
"short_profile_3h_diff_bikes",0.173331343467432
"full_profile_bikes",0.0705117992857021
"full_profile_3h_diff_bikes",0.443176946127142
"temperature.C",-0.0312642880744111
