"feature","weight"
"(Intercept)",0.783101694505345
"bikes_3h_ago",0.894139758285146
"full_profile_bikes",0.0592318577945217
"full_profile_3h_diff_bikes",0.504226624275063
"temperature.C",-0.0134461024351675
