"feature","weight"
"(Intercept)",0.101590199009352
"bikes_3h_ago",0.720298893267961
"full_profile_bikes",0.290647674486148
"full_profile_3h_diff_bikes",0.599120115057322
