"feature","weight"
"(Intercept)",-0.0331835431088274
"bikes_3h_ago",0.613761001922733
"full_profile_bikes",0.366610525605771
"full_profile_3h_diff_bikes",0.463626185993969
