"feature","weight"
"(Intercept)",1.10402052257101
"bikes_3h_ago",0.791777426496603
"full_profile_bikes",0.145298022128432
"full_profile_3h_diff_bikes",0.508543803968787
"temperature.C",-0.0285415569372008
