"feature","weight"
"(Intercept)",0.366670531748488
"bikes_3h_ago",0.898984505195567
"short_profile_bikes",0.00412791554033835
"short_profile_3h_diff_bikes",0.409032808452711
