"feature","weight"
"(Intercept)",0.243955915045078
"bikes_3h_ago",0.886581529740949
"full_profile_bikes",0.0898964305020708
"full_profile_3h_diff_bikes",0.573800189486711
