"feature","weight"
"(Intercept)",0.720234532010505
"bikes_3h_ago",0.761071515580502
"full_profile_bikes",0.159334782506157
"full_profile_3h_diff_bikes",0.550120109235661
