"feature","weight"
"(Intercept)",0.635879459107728
"bikes_3h_ago",0.655169169362544
"full_profile_bikes",0.291064047202704
"full_profile_3h_diff_bikes",0.407217387454418
