"feature","weight"
"(Intercept)",0.204893138346933
"bikes_3h_ago",0.760544248288399
"full_profile_bikes",0.205853727945459
"full_profile_3h_diff_bikes",0.623311191243926
