"feature","weight"
"(Intercept)",0.221027917885717
"bikes_3h_ago",0.780168168054041
"full_profile_bikes",0.162860708407424
"full_profile_3h_diff_bikes",0.581830192842314
