"feature","weight"
"(Intercept)",0.00102191292586237
"bikes_3h_ago",0.742543643635113
"full_profile_bikes",0.247619147548581
"full_profile_3h_diff_bikes",0.494129568735445
