"feature","weight"
"(Intercept)",-0.000266999832446722
"bikes_3h_ago",0.87207289301883
"short_profile_bikes",0.0223384917645129
"short_profile_3h_diff_bikes",0.195287844443497
"full_profile_bikes",0.114534511378245
"full_profile_3h_diff_bikes",0.384432174312379
