"feature","weight"
"(Intercept)",-0.0767824378507235
"bikes_3h_ago",0.807414421685522
"full_profile_bikes",0.225426756769659
"full_profile_3h_diff_bikes",0.704138495758507
"temperature.C",-0.0048267865465072
