"feature","weight"
"(Intercept)",-0.0660338763528733
"bikes_3h_ago",0.656161681131366
"full_profile_bikes",0.331546550694587
"full_profile_3h_diff_bikes",0.597351193789635
