"feature","weight"
"(Intercept)",0.447628773316903
"bikes_3h_ago",0.790977480292579
"full_profile_bikes",0.172832535311727
"full_profile_3h_diff_bikes",0.664193321664108
