"feature","weight"
"(Intercept)",0.326395781308778
"bikes_3h_ago",0.652003529778958
"full_profile_bikes",0.412939627673559
"full_profile_3h_diff_bikes",0.575464059593645
"temperature.C",-0.0261888162283958
