"feature","weight"
"(Intercept)",1.28957178956808
"bikes_3h_ago",0.812640921649219
"full_profile_bikes",0.0638656527856798
"full_profile_3h_diff_bikes",0.553565636891483
