"feature","weight"
"(Intercept)",0.601863933874255
"bikes_3h_ago",0.81490842389158
"short_profile_bikes",0.0560773886159739
"short_profile_3h_diff_bikes",0.140159224676392
"full_profile_bikes",0.0764967500258086
"full_profile_3h_diff_bikes",0.49622612100532
"temperature.C",-0.00584926890788312
