"feature","weight"
"(Intercept)",0.102206194712216
"bikes_3h_ago",0.903724996591417
"full_profile_bikes",0.0648367357095179
"full_profile_3h_diff_bikes",0.66935504721318
