"feature","weight"
"(Intercept)",0.741347057706365
"bikes_3h_ago",0.782270682646642
"full_profile_bikes",0.169986625173202
"full_profile_3h_diff_bikes",0.602830547205774
