"feature","weight"
"(Intercept)",0.108295271737869
"bikes_3h_ago",0.866610243342096
"full_profile_bikes",0.109333591695104
"full_profile_3h_diff_bikes",0.598177725985875
