"feature","weight"
"(Intercept)",0.771521153112514
"bikes_3h_ago",0.914575208789629
"full_profile_bikes",0.00593995446962441
"full_profile_3h_diff_bikes",0.615679787088759
