"feature","weight"
"(Intercept)",-0.315362602417009
"bikes_3h_ago",0.838814520414464
"full_profile_bikes",0.110160778896296
"full_profile_3h_diff_bikes",0.58382527581903
"temperature.C",0.0243298545165806
