"feature","weight"
"(Intercept)",0.416947784589012
"bikes_3h_ago",0.716230621522288
"full_profile_bikes",0.205346394382949
"full_profile_3h_diff_bikes",0.607577591738916
