"feature","weight"
"(Intercept)",0.080616560779164
"bikes_3h_ago",0.686262750368355
"full_profile_bikes",0.320408915803558
"full_profile_3h_diff_bikes",0.631269414357985
