"feature","weight"
"(Intercept)",-0.218215460511924
"bikes_3h_ago",0.688618125386487
"short_profile_bikes",0.0607186190157854
"short_profile_3h_diff_bikes",0.185286189946243
"full_profile_bikes",0.267041967016992
"full_profile_3h_diff_bikes",0.378591228114072
"temperature.C",0.00215894146486275
