"feature","weight"
"(Intercept)",-0.418953137703499
"bikes_3h_ago",0.771512884101154
"full_profile_bikes",0.24803785027303
"full_profile_3h_diff_bikes",0.58239778706277
"temperature.C",0.0107446335393249
