"feature","weight"
"(Intercept)",0.248100908928112
"bikes_3h_ago",0.846793526131627
"full_profile_bikes",0.118162433441434
"full_profile_3h_diff_bikes",0.488906728046992
