"feature","weight"
"(Intercept)",-0.0130588027450272
"bikes_3h_ago",0.808183347407746
"short_profile_bikes",0.0583455226954024
"short_profile_3h_diff_bikes",0.291876495314986
"full_profile_bikes",0.15073459801558
"full_profile_3h_diff_bikes",0.434497405275799
"temperature.C",-0.00304495733751273
