"feature","weight"
"(Intercept)",0.0520725308098512
"bikes_3h_ago",0.957469666360913
"full_profile_bikes",0.0462962780699368
"full_profile_3h_diff_bikes",1.17293267679227
