"feature","weight"
"(Intercept)",0.0790313961213829
"bikes_3h_ago",0.741271619666618
"full_profile_bikes",0.255809137703948
"full_profile_3h_diff_bikes",0.645450646287424
"temperature.C",-0.00508719087575729
