"feature","weight"
"(Intercept)",0.039482156526598
"bikes_3h_ago",0.781836608067056
"full_profile_bikes",0.215439474805897
"full_profile_3h_diff_bikes",0.730323800673468
