"feature","weight"
"(Intercept)",1.37390088611976
"bikes_3h_ago",0.814107437252018
"full_profile_bikes",0.0609563437296615
"full_profile_3h_diff_bikes",0.422663616959952
