"feature","weight"
"(Intercept)",0.0728688708736789
"bikes_3h_ago",0.794167110327562
"full_profile_bikes",0.201051167582362
"full_profile_3h_diff_bikes",0.590651191430185
