"feature","weight"
"(Intercept)",0.508641299152327
"bikes_3h_ago",0.816683936534808
"full_profile_bikes",0.131684123820823
"full_profile_3h_diff_bikes",0.626416352326338
