"feature","weight"
"(Intercept)",0.662877466587264
"bikes_3h_ago",0.703012005585619
"full_profile_bikes",0.252159437644427
"full_profile_3h_diff_bikes",0.740351859147687
