"feature","weight"
"(Intercept)",-0.340788038384942
"bikes_3h_ago",0.792250613516895
"full_profile_bikes",0.220513568587334
"full_profile_3h_diff_bikes",0.561402626084928
"temperature.C",0.0127051668315786
