"feature","weight"
"(Intercept)",0.343456082830605
"bikes_3h_ago",0.935318896150917
"full_profile_bikes",0.0162646998763964
"full_profile_3h_diff_bikes",0.821653745506598
