"feature","weight"
"(Intercept)",0.0646473215951085
"bikes_3h_ago",0.940420605052773
"full_profile_bikes",0.0582222863734725
"full_profile_3h_diff_bikes",0.79548230248252
