"feature","weight"
"(Intercept)",0.00615898995589703
"bikes_3h_ago",0.820177212841868
"full_profile_bikes",0.198585852994522
"full_profile_3h_diff_bikes",0.794365821348292
