"feature","weight"
"(Intercept)",0.0835510244826535
"bikes_3h_ago",0.916001608680565
"short_profile_bikes",0.0381618843250924
"short_profile_3h_diff_bikes",0.540483975382017
"full_profile_bikes",0.0423905200575091
"full_profile_3h_diff_bikes",0.25180864775902
"temperature.C",0.00321107309387574
