"feature","weight"
"(Intercept)",0.229381304574591
"bikes_3h_ago",0.789692893359431
"full_profile_bikes",0.191356752371508
"full_profile_3h_diff_bikes",0.644909634372386
