"feature","weight"
"(Intercept)",0.00266307186004537
"bikes_3h_ago",0.741009447831451
"full_profile_bikes",0.277603415624427
"full_profile_3h_diff_bikes",0.544924136901578
