"feature","weight"
"(Intercept)",0.329645798474485
"bikes_3h_ago",0.697213860100055
"full_profile_bikes",0.287721055661542
"full_profile_3h_diff_bikes",0.649295708435106
