"feature","weight"
"(Intercept)",0.591026063550239
"bikes_3h_ago",0.737801498004543
"full_profile_bikes",0.00947764180704551
"full_profile_3h_diff_bikes",0.453253894746116
"temperature.C",0.0158761487872933
