"feature","weight"
"(Intercept)",0.419255703033048
"bikes_3h_ago",0.845938497426684
"full_profile_bikes",0.107120285391184
"full_profile_3h_diff_bikes",0.482233447303966
