"feature","weight"
"(Intercept)",0.884172239960833
"bikes_3h_ago",0.830585420240918
"full_profile_bikes",0.0806869546989793
"full_profile_3h_diff_bikes",0.626560747593107
