"feature","weight"
"(Intercept)",0.0393172725665389
"bikes_3h_ago",0.783491504348309
"full_profile_bikes",0.207018949726842
"full_profile_3h_diff_bikes",0.48709880831533
