"feature","weight"
"(Intercept)",0.157487277677183
"bikes_3h_ago",0.90195153015881
"full_profile_bikes",0.0595591468007736
"full_profile_3h_diff_bikes",0.612713302503764
