"feature","weight"
"(Intercept)",0.179666385466398
"bikes_3h_ago",0.900726378926736
"full_profile_bikes",0.046314455706852
"full_profile_3h_diff_bikes",0.656211191678185
