"feature","weight"
"(Intercept)",0.510770010223809
"bikes_3h_ago",0.869462665784186
"full_profile_bikes",0.0858617900817617
"full_profile_3h_diff_bikes",0.609400711023972
