"feature","weight"
"(Intercept)",1.68483725306801
"bikes_3h_ago",0.646374654749237
"short_profile_bikes",0.227640762748938
"short_profile_3h_diff_bikes",0.327411692553237
"temperature.C",-0.0157713856877486
