"feature","weight"
"(Intercept)",0.351372588406089
"bikes_3h_ago",0.810354787808532
"full_profile_bikes",0.0901605150414181
"full_profile_3h_diff_bikes",0.563030595609555
