"feature","weight"
"(Intercept)",0.350380867195254
"bikes_3h_ago",0.785439883336776
"full_profile_bikes",0.174336533990789
"full_profile_3h_diff_bikes",0.598643612311526
