"feature","weight"
"(Intercept)",-1.26992082224418e-06
"bikes_3h_ago",0.999998157123311
"full_profile_bikes",9.65689559273193e-07
"full_profile_3h_diff_bikes",1.13757834349061e-05
"temperature.C",4.16988970984816e-08
