"feature","weight"
"(Intercept)",0.777997552523261
"bikes_3h_ago",0.766106053231079
"full_profile_bikes",0.167124198109978
"full_profile_3h_diff_bikes",0.727780494962184
