"feature","weight"
"(Intercept)",0.187942995071911
"bikes_3h_ago",0.754731001067976
"full_profile_bikes",0.222416155915632
"full_profile_3h_diff_bikes",0.654034385196021
