"feature","weight"
"(Intercept)",0.394777908900071
"bikes_3h_ago",0.818767850393127
"full_profile_bikes",0.143483806187728
"full_profile_3h_diff_bikes",0.705050002045484
