"feature","weight"
"(Intercept)",0.943508622553589
"bikes_3h_ago",0.760101038517244
"full_profile_bikes",0.000716370669139072
"full_profile_3h_diff_bikes",0.555949216784114
