"feature","weight"
"(Intercept)",0.805428758159845
"bikes_3h_ago",0.820950441205954
"short_profile_bikes",0.0578885649643166
"short_profile_3h_diff_bikes",0.559816698301533
"temperature.C",-0.00218863722701871
