"feature","weight"
"(Intercept)",-0.0443993910168407
"bikes_3h_ago",0.794883811765186
"full_profile_bikes",0.215259806502891
"full_profile_3h_diff_bikes",0.652988660446407
"temperature.C",-0.00604915185774939
