"feature","weight"
"(Intercept)",0.433150001520233
"bikes_3h_ago",0.449700831492
"short_profile_bikes",0.0378051629609604
"short_profile_3h_diff_bikes",0.124217161541223
"full_profile_bikes",0.281644200180892
"full_profile_3h_diff_bikes",0.22640902061807
"temperature.C",-0.000649984646808817
