"feature","weight"
"(Intercept)",0.49584638662135
"bikes_3h_ago",0.896503819140038
"full_profile_bikes",0.0612325747313499
"full_profile_3h_diff_bikes",0.498217739570905
