"feature","weight"
"(Intercept)",0.498489905094872
"bikes_3h_ago",0.403805270641637
"full_profile_bikes",0.547520826853405
"full_profile_3h_diff_bikes",0.406746573287285
