"feature","weight"
"(Intercept)",0.427585842895438
"bikes_3h_ago",0.909657414822421
"full_profile_bikes",0.0461517121552878
"full_profile_3h_diff_bikes",0.665347870261219
