"feature","weight"
"(Intercept)",0.461516213461394
"bikes_3h_ago",0.595646294092055
"full_profile_bikes",0.239698464471681
"full_profile_3h_diff_bikes",0.355800320576829
