"feature","weight"
"(Intercept)",0.112284183533397
"bikes_3h_ago",0.856022427113939
"short_profile_bikes",0.0234406028736087
"short_profile_3h_diff_bikes",0.316732617151728
"full_profile_bikes",0.072976335482613
"full_profile_3h_diff_bikes",0.306805957421466
"temperature.C",0.000886733950742867
