"feature","weight"
"(Intercept)",-0.0575226456211663
"bikes_3h_ago",0.585533886173591
"full_profile_bikes",0.441780779395098
"full_profile_3h_diff_bikes",0.599054348427806
