"feature","weight"
"(Intercept)",0.912217917029241
"bikes_3h_ago",0.821137664628941
"full_profile_bikes",0.0370724058053395
"full_profile_3h_diff_bikes",0.708138492653085
