"feature","weight"
"(Intercept)",0.214899455648308
"bikes_3h_ago",0.558505759162039
"full_profile_bikes",0.411330916421295
"full_profile_3h_diff_bikes",0.377258825525236
