"feature","weight"
"(Intercept)",-0.115473167358598
"bikes_3h_ago",0.723629632423207
"full_profile_bikes",0.27781962952672
"full_profile_3h_diff_bikes",0.60218770072235
"temperature.C",0.000548836449666668
