"feature","weight"
"(Intercept)",0.0832230604428089
"bikes_3h_ago",0.711215577509529
"full_profile_bikes",0.247572856516067
"full_profile_3h_diff_bikes",0.508560629211837
"temperature.C",0.0018884280184009
