"feature","weight"
"(Intercept)",0.310904880209763
"bikes_3h_ago",0.760360462814831
"full_profile_bikes",0.222580890814653
"full_profile_3h_diff_bikes",0.491065848769308
