"feature","weight"
"(Intercept)",0.135971135789358
"bikes_3h_ago",0.907237089488182
"full_profile_bikes",0.0928879176966195
"full_profile_3h_diff_bikes",0.717334564002836
