"feature","weight"
"(Intercept)",0.625398260883944
"bikes_3h_ago",0.90400702391114
"full_profile_bikes",0.0128633775605846
"full_profile_3h_diff_bikes",0.756018797211882
