"feature","weight"
"(Intercept)",0.024271586314156
"bikes_3h_ago",0.660366666987293
"full_profile_bikes",0.325600198371345
"full_profile_3h_diff_bikes",0.551982103266904
