"feature","weight"
"(Intercept)",0.424486054464663
"bikes_3h_ago",0.855912757940321
"full_profile_bikes",0.0604672628535069
"full_profile_3h_diff_bikes",0.530261424807319
"temperature.C",-0.00560465959653089
