"feature","weight"
"(Intercept)",-0.499264952989923
"bikes_3h_ago",0.700323844496527
"full_profile_bikes",0.309028026793044
"full_profile_3h_diff_bikes",0.574882970748125
"temperature.C",0.020398143702074
