"feature","weight"
"(Intercept)",0.0855995458423497
"bikes_3h_ago",0.745037752470197
"full_profile_bikes",0.227528482836892
"full_profile_3h_diff_bikes",0.57224823668549
