"feature","weight"
"(Intercept)",-0.0862289245915577
"bikes_3h_ago",0.819479361902973
"full_profile_bikes",0.178554152383694
"full_profile_3h_diff_bikes",0.521223285119562
