"feature","weight"
"(Intercept)",0.356053362463275
"bikes_3h_ago",0.662000563758836
"full_profile_bikes",0.273579255578385
"full_profile_3h_diff_bikes",0.54303764769387
"temperature.C",-0.00117027759942993
