"feature","weight"
"(Intercept)",0.163199895655081
"bikes_3h_ago",0.901991820815494
"full_profile_bikes",0.0592983186973445
"full_profile_3h_diff_bikes",0.61266906819908
"temperature.C",-0.000236729960349687
