"feature","weight"
"(Intercept)",0.0911295013982915
"bikes_3h_ago",0.957600708377217
"short_profile_bikes",0.0203062298150056
"short_profile_3h_diff_bikes",0.291913120543401
