"feature","weight"
"(Intercept)",0.353925116928358
"bikes_3h_ago",0.909469750942496
"short_profile_bikes",0.0275877174164776
"short_profile_3h_diff_bikes",0.244477678805429
"full_profile_bikes",0.022971501480173
"full_profile_3h_diff_bikes",0.453993242047658
"temperature.C",0.0012525021968173
