"feature","weight"
"(Intercept)",0.815897533382234
"bikes_3h_ago",0.740073647306267
"full_profile_bikes",0.0263240798706349
"full_profile_3h_diff_bikes",0.450827265898254
