"feature","weight"
"(Intercept)",0.0660891299866621
"bikes_3h_ago",0.88386929655558
"full_profile_bikes",0.110284703593701
"full_profile_3h_diff_bikes",0.617670935239232
