"feature","weight"
"(Intercept)",0.265740958343944
"bikes_3h_ago",0.759691059866645
"full_profile_bikes",0.218950167835353
"full_profile_3h_diff_bikes",0.623715083880383
