"feature","weight"
"(Intercept)",0.627054875559315
"bikes_3h_ago",0.667567746887286
"short_profile_bikes",0.157571504904214
"short_profile_3h_diff_bikes",0.430066007579929
"temperature.C",0.00883246992782911
