"feature","weight"
"(Intercept)",0.107490927447031
"bikes_3h_ago",0.853439531736845
"full_profile_bikes",0.0998188123031747
"full_profile_3h_diff_bikes",0.58502537489888
