"feature","weight"
"(Intercept)",0.713722414630952
"bikes_3h_ago",0.6330326592628
"short_profile_bikes",0.196661605672967
"short_profile_3h_diff_bikes",0.378515218916763
"temperature.C",-0.00963274335760789
