"feature","weight"
"(Intercept)",0.123810105120074
"bikes_3h_ago",0.711265545805506
"full_profile_bikes",0.246733457804726
"full_profile_3h_diff_bikes",0.508921401723736
