"feature","weight"
"(Intercept)",0.641917599396041
"bikes_3h_ago",0.820649407334534
"short_profile_bikes",0.119986863373304
"short_profile_3h_diff_bikes",0.434241895751441
"full_profile_bikes",0.0371748178481086
"full_profile_3h_diff_bikes",0.152739547420523
"temperature.C",-0.0210649899072449
