"feature","weight"
"(Intercept)",0.446342847078708
"bikes_3h_ago",0.856926352298163
"full_profile_bikes",0.105066800191204
"full_profile_3h_diff_bikes",0.709182467249296
