"feature","weight"
"(Intercept)",-0.586154888946242
"bikes_3h_ago",0.835635509004124
"full_profile_bikes",0.242862855332798
"full_profile_3h_diff_bikes",0.795580906899143
"temperature.C",-0.00383121380211855
